Variant, k1 from XXX, k1 from XX, k2 from XX, k1 from X, k2 from X
20170308-coPARN-K421Ap1-Mn, 0.000863908088951, 0.000869878047335, 0.000472336484199, 0.0107276104309, 0.000185647791851
20170308-coPARN-I34Lp1-Mn, 0.0191515497801, 0.0208709479852, 0.0412802891422, 0.0265405281313, 0.0265417310371
20170308-coPARN-I34Vp2-Mn, 0.000180912394519, 0.00029806381837, 0.000499722206492, 2.96753615822e-05, 8626.61438381
20170308-coPARN-I34Vp1-Mn, 0.000108007500737, 0.000233512075953, 0.000753790185007, 1.79843124721e-05, 12905.9153113
20170308-coPARN-A383Vp9-Mn, 7.15364041011e-05, 0.000210443974016, 0.000836485030582
20170308-coPARN-A383Vp8-Mn, 0.00102139818211, 0.00114385084596, 0.00231332380343, 0.00107986503717, 0.0020128014077
20170308-coPARN-A383Vp7-Mn, 0.0092334246517, 0.00894234505053, 0.000263296051884, 10885.4072089, 0.000237736873874
20170308-coPARN-A383Vp6-Mn, 0.0083060420988, 0.00718353048629, 0.00219221602985, 0.0212172274965, 0.00181047392103
